[
  {
    "id": "mov-001",
    "type": "receive",
    "date": "2025-01-03T10:00:00.000Z",
    "scheduledDate": "2025-01-03T10:00:00.000Z",
    "expectedVolume": 50.0,
    "actualVolume": 48.5,
    "sourceTankId": null,
    "destinationTankId": "tank-001",
    "properties": [
      { "propertyId": "prop-001", "value": 12.8 },
      { "propertyId": "prop-002", "value": 3.0 },
      { "propertyId": "prop-003", "value": 420.0 },
      { "propertyId": "prop-004", "value": 0.6 },
      { "propertyId": "prop-005", "value": 0.04 }
    ],
    "carrier": "TransOil Logistics",
    "ticketNumber": "TKT-2025-0103",
    "notes": "Regular delivery from refinery",
    "pdfPath": null,
    "createdAt": "2025-01-02T14:00:00.000Z",
    "createdBy": "user-001"
  },
  {
    "id": "mov-002",
    "type": "transfer",
    "date": "2025-01-04T14:00:00.000Z",
    "scheduledDate": "2025-01-04T14:00:00.000Z",
    "expectedVolume": 25.0,
    "actualVolume": 25.0,
    "sourceTankId": "tank-003",
    "destinationTankId": "tank-002",
    "properties": [
      { "propertyId": "prop-001", "value": 13.2 },
      { "propertyId": "prop-002", "value": 2.9 },
      { "propertyId": "prop-003", "value": 380.0 },
      { "propertyId": "prop-004", "value": 0.5 },
      { "propertyId": "prop-005", "value": 0.03 }
    ],
    "carrier": null,
    "ticketNumber": "INT-2025-0404",
    "notes": "Internal transfer for blending",
    "pdfPath": null,
    "createdAt": "2025-01-04T08:00:00.000Z",
    "createdBy": "user-002"
  },
  {
    "id": "mov-003",
    "type": "ship",
    "date": "2025-01-05T09:00:00.000Z",
    "scheduledDate": "2025-01-05T09:00:00.000Z",
    "expectedVolume": 75.0,
    "actualVolume": 74.2,
    "sourceTankId": "tank-003",
    "destinationTankId": null,
    "properties": [],
    "carrier": "Gulf Shipping Co",
    "ticketNumber": "SHIP-2025-0501",
    "notes": "Export shipment to Houston",
    "pdfPath": null,
    "createdAt": "2025-01-04T16:00:00.000Z",
    "createdBy": "user-001"
  },
  {
    "id": "mov-004",
    "type": "receive",
    "date": null,
    "scheduledDate": "2025-01-10T08:00:00.000Z",
    "expectedVolume": 100.0,
    "actualVolume": null,
    "sourceTankId": null,
    "destinationTankId": "tank-004",
    "properties": [
      { "propertyId": "prop-001", "value": 11.5 },
      { "propertyId": "prop-002", "value": 3.8 },
      { "propertyId": "prop-003", "value": 550.0 },
      { "propertyId": "prop-004", "value": 1.0 },
      { "propertyId": "prop-005", "value": 0.05 }
    ],
    "carrier": "PetroHaul Inc",
    "ticketNumber": "TKT-2025-0110",
    "notes": "Scheduled delivery - heavy grade",
    "pdfPath": null,
    "createdAt": "2025-01-06T10:00:00.000Z",
    "createdBy": "user-001"
  },
  {
    "id": "mov-005",
    "type": "ship",
    "date": null,
    "scheduledDate": "2025-01-12T14:00:00.000Z",
    "expectedVolume": 60.0,
    "actualVolume": null,
    "sourceTankId": "tank-001",
    "destinationTankId": null,
    "properties": [],
    "carrier": "Atlantic Tankers",
    "ticketNumber": "SHIP-2025-0112",
    "notes": "Scheduled export to Rotterdam",
    "pdfPath": null,
    "createdAt": "2025-01-06T11:00:00.000Z",
    "createdBy": "user-002"
  },
  {
    "id": "mov-006",
    "type": "transfer",
    "date": null,
    "scheduledDate": "2025-01-15T10:00:00.000Z",
    "expectedVolume": 30.0,
    "actualVolume": null,
    "sourceTankId": "tank-005",
    "destinationTankId": "tank-004",
    "properties": [
      { "propertyId": "prop-001", "value": 12.0 },
      { "propertyId": "prop-002", "value": 3.0 },
      { "propertyId": "prop-003", "value": 410.0 },
      { "propertyId": "prop-004", "value": 0.7 },
      { "propertyId": "prop-005", "value": 0.04 }
    ],
    "carrier": null,
    "ticketNumber": "INT-2025-0115",
    "notes": "Planned blending operation",
    "pdfPath": null,
    "createdAt": "2025-01-07T08:00:00.000Z",
    "createdBy": "user-001"
  }
]
